Genes,DNP_mean,DP_mean,DNP_vs_DP,ttest_statistics,ttest_pvalues,ttest_fdr,ranksums_statistics,ranksums_pvalues,ranksums_fdr,DNP_percentage,DP_percentage
A1BG,18.983451729806266,19.111246837659564,0.9933130941723032,-2.2826334092525933,0.024997500249975,0.07704708981156679,-2.1844148461187682,0.028931778282789814,0.07658411898385539,1.0,1.0
A2M,19.523710286302855,19.966911485174144,0.9778032171274773,-2.7416426374323186,0.007099290070992901,0.03374662533746626,-2.675908186495491,0.007452705845780875,0.03287958461373915,1.0,1.0
ADARB1,16.52060405446469,16.06444951405629,1.0283952799010803,1.6781654662381662,0.09559044095590441,0.19203436799177226,1.2816922574218208,0.19995062207227587,0.3460683843558621,0.6896551724137931,0.8666666666666667
ADGRB3,18.842867618643005,18.017327008310115,1.0458192610897348,4.374853632306786,9.999000099990002e-05,0.0044995500449955,3.8595377632602252,0.00011360170180036728,0.006402021767081516,0.9655172413793104,1.0
ADIPOQ,15.858770397106017,16.1278847933554,0.9833137203236809,-1.6215173102696345,0.1110888911108889,0.2154741422409483,-1.2172540068010338,0.22350758765929946,0.37251264609883245,0.7068965517241379,0.9333333333333333
AFM,17.984255006150825,17.63340736806786,1.0198967579413103,2.739666031480204,0.006899310068993101,0.03374662533746625,2.9762652278368216,0.002917823937737403,0.017276589105024096,1.0,1.0
AGT,17.909118130779206,17.9584790251662,0.9972513878086323,-0.5320746259224222,0.6057394260573943,0.7288308602294851,-0.587061489894419,0.5571624101664562,0.724633192413021,1.0,1.0
AHSG,19.22292539517533,19.252601058560604,0.9984586153686451,-0.30524744427284495,0.7713228677132287,0.8634211205745097,-0.0409577783647269,0.967329555580697,0.9760051569760395,1.0,1.0
ALB,21.871695669673624,21.982902995802633,0.994941190153537,-0.7494488191200647,0.4577542245775422,0.6058511795879236,-0.43688296922375364,0.662196223639096,0.8141756848021672,1.0,1.0
AMBP,18.879599877165266,18.712426344657942,1.0089338244772863,1.3189460245977151,0.19668033196680332,0.3230151437411003,1.5563955778596223,0.11961405610225298,0.2261610304454363,1.0,1.0
ANXA6,18.762758617428823,18.755947472868865,1.0003631458538584,0.08458377249833708,0.9341065893410659,0.9673000589849272,-0.3003570413413306,0.7639048277785876,0.879930262587946,1.0,1.0
APCS,19.374858097304152,19.372972950965124,1.000097308056115,0.043812933222209166,0.9685031496850315,0.9815910300861805,-0.054610371152969205,0.9564488761051453,0.969373860917377,1.0,1.0
APMAP,16.143858618439854,16.255713466249908,0.9931190440799608,-0.5986749355339518,0.5540445955404459,0.7012220126301977,-0.7471503784223429,0.45497279318797934,0.6204174452563355,0.7413793103448276,0.8666666666666667
APOA1,20.483228226793383,20.650347538176934,0.9919071913402623,-1.9598579103205716,0.053594640535946404,0.12693467495355729,-2.348245959577676,0.01886206116058242,0.058943941126820054,1.0,1.0
APOA2,19.2745573445065,19.16038026130434,1.0059590196877641,1.0730336613410747,0.2863713628637136,0.4267122956578514,1.638311134589076,0.10135680612674962,0.20004632788174265,1.0,1.0
APOA4,18.8915648429161,18.685421266372202,1.0110323215947445,1.3459041718717872,0.18708129187081293,0.3141290348577083,1.0649022374828994,0.28692017241198065,0.44290053131200047,1.0,1.0
APOB,18.126987648342627,18.099195598016358,1.0015355406363649,0.2485378806768237,0.8084191580841916,0.8916387772987409,-0.0955681495176961,0.923863562383787,0.9623578774831114,1.0,1.0
APOC1,20.03165607222798,20.30658644706704,0.9864610245766458,-1.5705210858348941,0.11358864113588642,0.21811378184215474,-1.6656163201655607,0.09578985845318025,0.1941686319996897,1.0,1.0
APOC2,20.181259526942096,19.346555981431163,1.0431448132841878,3.5576583261697743,0.000999900009999,0.01406109389061094,3.2356644908134253,0.001213599384760069,0.01365285755323438,1.0,1.0
APOC3,20.257189757792297,19.315025071712274,1.048778848724347,4.285657079161261,9.999000099990002e-05,0.0044995500449955,3.9319467230137826,8.426074215932312e-05,0.006402021767081516,1.0,1.0
APOC4,17.01428587273361,16.725352112656704,1.0172751974446181,1.3462933625202333,0.17918208179182082,0.3077554839935854,1.7602909812370051,0.07835848254585802,0.16477251002633694,0.9310344827586207,1.0
APOD,19.97822049311645,19.80328233457319,1.0088337961145888,1.256515177621519,0.22047795220477953,0.351826519475712,1.1877755725770802,0.2349218406735143,0.38201044385545735,1.0,1.0
APOE,18.931337890879043,18.71145697863745,1.0117511379521449,1.9785799382683555,0.0496950304969503,0.11895087087035976,1.638311134589076,0.10135680612674962,0.20004632788174265,1.0,1.0
APOF,17.824365639011845,18.102283623905773,0.9846473521977684,-1.6388628719668465,0.10648935106489352,0.20834873034435689,-1.7475318768950145,0.08054512045441342,0.16780233428002797,1.0,1.0
APOH,19.47571493587968,19.43238707762128,1.0022296724579092,0.39222281976602885,0.6896310368963103,0.7963049848861268,0.27305185576484603,0.7848133543834712,0.8839849596793214,1.0,1.0
APOL1,17.28373575319319,16.97873728149178,1.0179635544531267,2.7279959400891456,0.007699230076992301,0.03374662533746626,2.416508923518887,0.01567014213221172,0.05285015231392595,1.0,1.0
APOM,18.02542388175835,18.118047438802005,0.9948877737870754,-0.660515151619031,0.5146485351464853,0.6654937954480414,-0.7372400105650843,0.4609764060002812,0.6248174177714655,1.0,1.0
ATRN,16.838250258067365,16.897921390429833,0.9964687294381508,-1.0677597853392014,0.28457154284571545,0.4267122956578514,-1.3925644644007147,0.16375153512514884,0.29241345558062287,1.0,1.0
AZGP1,17.054434288135564,17.05425185784717,1.0000106970560723,-0.013414702245888416,0.9899010098990101,0.9934006599340066,-0.43688296922375364,0.662196223639096,0.8141756848021672,1.0,1.0
B2M,15.765581017991336,16.374586089635322,0.9628079104833391,-3.0665653633859438,0.0033996600339966003,0.022497750224977502,-2.812434114377914,0.004916809519383091,0.024584047596915452,1.0,1.0
BCHE,16.84860519496995,16.523703574664125,1.0196627601577164,3.4362382908429714,0.0008999100089991,0.0134986501349865,3.3858430114840905,0.0007095996541685214,0.010643994812527821,1.0,1.0
BTD,16.60843259313131,16.42438166347797,1.0112059579121087,1.587633218113976,0.11438856114388561,0.21811378184215474,1.6110059490125914,0.10717842581565983,0.20969692007411705,1.0,1.0
C1QA,18.17096082749534,18.040719591565214,1.007219292737692,1.1721424687692348,0.24707529247075294,0.38339269521323727,0.43688296922375364,0.662196223639096,0.8141756848021672,1.0,1.0
C1QB,18.20229270302476,18.14389927740408,1.0032183504068168,0.7878570209740353,0.43355664433556645,0.5912136059121361,0.5597563043179343,0.5756456718112525,0.7401158637573246,1.0,1.0
C1QC,19.21069366501137,19.194906039365836,1.000822490384332,0.21004220069550658,0.8272172782721727,0.9035140175302857,-0.23209407740011911,0.8164649448471181,0.8881994510199672,1.0,1.0
C1R,17.843033841797407,17.479392670663803,1.0208039934787845,2.9743837959247523,0.005099490050994901,0.027854357421400713,2.4301615163071295,0.015092095568655345,0.05285015231392595,1.0,1.0
C1RL,16.45796272173032,16.517404154194164,0.9964012848563282,-0.7432297499096304,0.46225377462253775,0.6082286508191286,-0.6416718610473882,0.5210862633059319,0.6856398201393841,1.0,1.0
C1S,17.26808185402796,17.257585689357413,1.0006082058556443,0.10310950744434173,0.918008199180082,0.9619871346198713,-0.06826296394121151,0.9455763058228327,0.9670666764097153,1.0,1.0
C2,17.39261409842408,17.26091683749395,1.007629795228725,1.3303109095778995,0.18708129187081293,0.3141290348577083,0.6143666754709035,0.5389730517703638,0.7050519572577433,1.0,1.0
C3,19.464697271773996,19.50309953249226,0.9980309662751664,-0.715693547193871,0.48005199480051997,0.6279749931983546,0.2593992629766037,0.7953271983175579,0.8839849596793214,1.0,1.0
C4A,19.218937337998142,18.924396177073064,1.0155640982237475,1.7234581174279906,0.0705929407059294,0.1544263049423213,-0.4778407475884805,0.6327635567122782,0.8043604534478114,1.0,1.0
C4B,19.732501021153908,19.43345586534539,1.015388161420213,1.7099322615638446,0.0734926507349265,0.1559985510882874,-0.4505355620119959,0.6523243180337062,0.8141756848021672,1.0,1.0
C4BPA,17.94915795645492,18.289527748284,0.9813899081204533,-2.526578487702187,0.014998500149985002,0.05272910208979102,-2.402856330730645,0.01626757715240487,0.053826542048398464,1.0,1.0
C5,17.360731325368782,17.52177365180879,0.9908090168472538,-2.2217253960121632,0.0327967203279672,0.09340838068091925,-2.225372624483495,0.02605623372295971,0.07232714314239097,1.0,1.0
C6,17.131823429647657,17.28667982369428,0.9910418660132546,-2.2595741595808487,0.029897010298970104,0.08794575087945751,-2.593992629766037,0.009486852057163342,0.03811681630110272,1.0,1.0
C7,17.14098828624206,17.561463542859975,0.9760569353692125,-3.6103970234749267,9.999000099990002e-05,0.0044995500449955,-3.3312326403311214,0.0008646231105051217,0.011443541168450139,1.0,1.0
C8A,17.76485205503191,17.699844815557693,1.0036727575948619,0.8337628336891636,0.40315968403159685,0.5569228353238296,0.5461037115296921,0.5849946486661075,0.7478624769879215,1.0,1.0
C8B,17.48621391459564,17.620592904331826,0.9923737532292033,-1.8346218108433747,0.0730926907309269,0.1559985510882874,-1.7202266913185298,0.08539124303715516,0.17466390621236283,1.0,1.0
C8G,17.170450746847994,17.30454122955412,0.9922511391127138,-2.118564239168374,0.0364963503649635,0.09660798626019751,-1.9659733615068913,0.04930168779278289,0.11927827691802313,1.0,1.0
C9,17.95958848704058,18.51608256403662,0.9699453664093665,-3.4289493114991343,0.0011998800119988001,0.014998500149985002,-3.058180784566275,0.002226851886912881,0.015657552329856196,1.0,1.0
CA1,16.479240405494856,15.790881382382858,1.0435921850366103,2.7533978827511145,0.007799220077992201,0.03374662533746626,2.7024927383501742,0.006882168773499202,0.03160179538851675,0.9827586206896551,0.9333333333333333
CD14,15.931887829960989,16.184318977815046,0.9844027327810282,-2.3220826563635075,0.024397560243975602,0.07655484451554843,-3.044528191778033,0.00233045587402094,0.01588947186832459,1.0,1.0
CD44,15.516079786130998,15.214403033014417,1.01982836608587,1.6764333518458971,0.10028997100289971,0.19969242013851712,1.57518700792197,0.1152132851688232,0.2215640099400446,0.9137931034482759,1.0
CD5L,19.974043733437817,20.0578677031772,0.9958208932783964,-0.4653988027431107,0.6434356564343565,0.7563696755324466,-0.3822725980707844,0.7022591776345024,0.8316227103566476,1.0,1.0
CDH5,16.44338678485128,16.440155453459173,1.0001965511458366,0.07943117570371493,0.9372062793720628,0.9673000589849272,-0.43688296922375364,0.662196223639096,0.8141756848021672,1.0,1.0
CEP250,23.005722028208893,22.75348993142681,1.0110854245894694,2.758907734967884,0.007599240075992401,0.03374662533746626,2.031345331262655,0.04221997592311278,0.10554993980778195,0.9827586206896551,1.0
CFB,18.74840070751326,18.93912468229206,0.9899296309635087,-1.770671009353561,0.07839216078392161,0.16484332875123703,-0.7918503817180534,0.42844792148641697,0.5950665576200236,1.0,1.0
CFD,16.031359281684303,16.11543762259948,0.9947827454094532,-0.49162231640498627,0.6223377662233777,0.7408782931230686,-0.2565180111150793,0.797550874732899,0.8839849596793214,0.9827586206896551,1.0
CFH,19.295352663453677,19.345888913036433,0.9973877525188981,-0.536465164752039,0.5886411358864113,0.7159148949969868,-0.9829866807534456,0.32561399400161806,0.481994399015553,1.0,1.0
CFHR3,17.078234676860976,17.572282909561007,0.971884800896802,-2.280375474344056,0.027597240275972403,0.0839105278661323,-2.5166496766155078,0.011847656540658036,0.043700372486033735,0.9827586206896551,1.0
CFI,17.08914314991551,17.14601115812612,0.9966833097397316,-0.8538401299691365,0.39786021397860216,0.5560158269887298,-0.9147237168122341,0.36033669034008264,0.5197163802981961,1.0,1.0
CLEC3B,17.089183184410594,17.023223191317232,1.0038747064731552,0.576928314372614,0.5645435456454354,0.7052179397444871,0.3822725980707844,0.7022591776345024,0.8316227103566476,1.0,1.0
CLU,18.35814102356607,18.205417979898318,1.008388878730298,2.6407103933286526,0.010998900109989001,0.0434167109604829,2.3892037379424025,0.016884935863602946,0.05505957346827048,1.0,1.0
CNDP1,16.61462466160656,16.06244926149412,1.0343767871962184,3.1468965499702235,0.0017998200179982,0.016873312668733126,3.1400963412957292,0.001688922824077765,0.015657552329856196,1.0,1.0
COMP,15.386356927600662,15.7996953146122,0.9738388381053611,-1.3285821016653292,0.19158084191580843,0.3176152972938,-1.7812773512896005,0.07486715259538168,0.16042961270438932,0.7068965517241379,0.7333333333333333
CP,18.216305717998708,18.48605284715137,0.9854080732440279,-3.3263640476530743,0.0012998700129987,0.015393197522353026,-2.771476336013187,0.005580272821848289,0.026157528852413854,1.0,1.0
CPB2,17.49935575288775,17.46845857710465,1.0017687408220208,0.3696753804974461,0.7106289371062894,0.8115097581150976,0.2867044485530883,0.7743386310773925,0.879930262587946,1.0,1.0
CPN1,16.75031320019138,16.874862047495853,0.9926192672299234,-1.2553279704096192,0.21747825217478253,0.34984001599840014,-1.0239444591181726,0.30586150922739486,0.4681553712664207,1.0,1.0
CPN2,17.179469490853368,17.341358572801916,0.9906645675268803,-2.2849932228163152,0.027997200279972004,0.08399160083991601,-2.320940774001191,0.020290040545533967,0.06253779620198827,1.0,1.0
CRTAC1,15.795280483445076,15.785038045298801,1.0006488700322977,0.06451983297449763,0.9478052194780522,0.9732322222323222,-0.19680066125133272,0.8439835336328705,0.8957372408839428,0.896551724137931,0.8666666666666667
CST3,16.51835067355455,16.757789667810474,0.9857117794767496,-1.437202158221118,0.15428457154284572,0.27995184352532493,-1.2964558940140496,0.19481846608721576,0.3397996501521205,0.9827586206896551,1.0
ECM1,17.253160377616815,17.220934840691893,1.0018713000904442,0.380384955457604,0.7141285871412859,0.8115097581150976,0.5734088971061766,0.5663678675980495,0.7323722425836847,1.0,1.0
F10,18.12248385586654,17.938634681207812,1.0102487830275804,2.040404529543303,0.044195580441955803,0.10692479139182856,1.7884896552597414,0.07369704316230005,0.1594407183799761,1.0,1.0
F11,16.651689357852533,16.250757218121294,1.0246715974123444,2.0430643647382563,0.043795620437956206,0.10692479139182856,2.267064584719755,0.023386280639903244,0.06828601234216518,0.9827586206896551,1.0
F12,16.686079820586098,16.59950762492176,1.0052153472030918,0.5303340450727051,0.5945405459454055,0.719202273321055,0.6416718610473882,0.5210862633059319,0.6856398201393841,1.0,1.0
F13A1,16.57242098590091,16.37923074246055,1.011794830079507,1.5931016907185405,0.11658834116588342,0.2186031396860314,1.8840578047774375,0.0595571569308702,0.13814804442727624,1.0,1.0
F13B,16.089114041407278,16.027703894659073,1.003831499954817,0.5058272627561025,0.6188381161883811,0.7406307241616263,1.0102918663299303,0.31235547685347254,0.4716777335035659,1.0,1.0
F2,19.430221879435543,19.230354764087966,1.0103933139975567,2.8296111636935697,0.0059994000599940004,0.031392209616247675,2.6622555937072487,0.007761891484840649,0.03295142611488955,1.0,1.0
F5,16.14433670041236,16.36653075700402,0.9864238756587694,-2.441775328747483,0.0178982101789821,0.06010592970553691,-2.307288181212949,0.02103875995495545,0.06396920256574291,1.0,1.0
F9,17.40122182007732,17.230857952280676,1.0098871378470216,1.0343587224649349,0.3083691630836916,0.4419303292600676,0.7747247335011401,0.43850233266267513,0.6016038100554993,0.9655172413793104,1.0
FBLN1,16.756768339581807,17.035144098655042,0.9836587376390192,-1.964560800068056,0.054594540545945404,0.12795595440455954,-1.7884896552597414,0.07369704316230005,0.1594407183799761,1.0,1.0
FCGR3A,16.992341264060983,17.152579744543235,0.9906580536065877,-0.7777704435884885,0.43845615438456154,0.5942929803405201,-0.40547901052675744,0.6851254438797378,0.8316227103566476,0.8793103448275862,1.0
FCN3,17.123015552666196,17.121489243610565,1.0000891458116705,0.013417134710979085,0.9908009199080092,0.9934006599340066,-0.013652592788242301,0.9891071453928851,0.9891071453928851,1.0,1.0
FETUB,16.540543352441496,16.287476166710654,1.015537532220497,2.6261314293096913,0.010498950104989501,0.042950250429502505,2.498424480248341,0.012474671913477224,0.04527098678278025,1.0,1.0
FGA,19.239241062191077,19.69860459192615,0.9766804025335201,-2.186866898575783,0.03899610038996101,0.10072856350728562,-3.1400963412957292,0.001688922824077765,0.015657552329856196,1.0,1.0
FGB,19.475600221881173,19.962520568047,0.9756082732886339,-1.507041801084894,0.19198080191980801,0.3176152972938,-3.727157831190148,0.0001936511992209839,0.006402021767081516,1.0,1.0
FGG,20.387222626171027,20.877658554190347,0.9765090550386032,-1.5208547457973471,0.1832816718328167,0.31241194062411937,-3.208359305236941,0.001334946071871806,0.01365285755323438,1.0,1.0
FN1,18.552319464943995,18.42131612085377,1.0071115083868478,1.0454813413537154,0.29117088291170884,0.43100953062588476,1.0649022374828994,0.28692017241198065,0.44290053131200047,1.0,1.0
Fibrinogen,20.24145557739976,20.89674139758798,0.9686417222800173,-3.5424710397016352,0.0014998500149985001,0.016628771905418154,-3.0158198604070137,0.002562854689375727,0.016475494431701102,0.9827586206896551,1.0
GC,19.10409290157538,19.232092312207683,0.9933444885478709,-2.137846908124,0.0362963703629637,0.09660798626019751,-2.2117200316952528,0.02698601551993228,0.07232714314239097,1.0,1.0
GGH,15.601540410357776,15.485506160598211,1.007493087313788,0.5958966887154777,0.5486451354864513,0.7012220126301977,0.3850762948565023,0.7001808903063721,0.8316227103566476,0.7931034482758621,0.6666666666666666
GPLD1,17.26524058701977,17.032568999981464,1.0136603930410355,2.0971224498186096,0.0352964703529647,0.09568320276406095,1.911362990353922,0.05595794933522996,0.1311514437544452,1.0,1.0
GPX3,17.94422730608508,18.17824264438536,0.9871266247855613,-2.4749663398302806,0.0164983501649835,0.05624437556244375,-2.416508923518887,0.01567014213221172,0.05285015231392595,1.0,1.0
GSN,17.74885805027036,17.55221419271676,1.0112033647376064,1.8685682793530654,0.06419358064193581,0.14738322086158734,0.7781977889298112,0.4364524201075456,0.6016038100554993,1.0,1.0
HBA1,19.982293832514582,19.423019493099194,1.02879440756439,2.520275831130116,0.013498650134986502,0.04898703678019295,2.361898552365918,0.018181616824233304,0.05761779979510555,1.0,1.0
HBB,19.798465179339214,19.189553167262147,1.0317314325544529,2.6880187500057326,0.007799220077992201,0.03374662533746626,2.4711192946718565,0.013469087899621533,0.04810388535579119,1.0,1.0
HBD,18.716019362388728,18.10628454655449,1.0336753139091843,2.7744184934963303,0.006799320067993201,0.03374662533746625,2.55303485140131,0.01067888101981046,0.04072454626198904,1.0,1.0
HES7,18.29858277285406,19.482076510340306,0.9392521768992081,-3.634583643060572,0.0006999300069993001,0.01211417319806481,-3.5946244660269917,0.00032485981427142507,0.008121495356785626,0.9310344827586207,0.9333333333333333
HGFAC,16.65644201358411,16.238607939973647,1.0257309047151697,3.7788951374556214,0.0005999400059994001,0.01211417319806481,3.4595266904439073,0.0005411256449069904,0.010372503605440276,0.9827586206896551,1.0
HP,20.644270914753818,20.26990019775222,1.0184692925643073,0.7540554764658285,0.4530546945305469,0.6058511795879236,-0.3140096341295729,0.7535137216139831,0.879930262587946,1.0,1.0
HPR,18.815018083784654,18.734051845432983,1.0043218754287482,0.4094365308431114,0.6776322367763223,0.789985768262552,0.409577783647269,0.6821156967763391,0.8316227103566476,1.0,1.0
HPX,20.18515013063979,20.19049445663382,0.9997353048482537,-0.09249704130943685,0.9235076492350764,0.9619871346198713,-0.054610371152969205,0.9564488761051453,0.969373860917377,1.0,1.0
HRG,18.155984657360925,17.908732141619122,1.0138062546129214,2.3865182715320086,0.0163983601639836,0.05624437556244375,1.9250155831421645,0.05422740874735697,0.129799648597397,1.0,1.0
HSPG2,15.562609705777765,15.741546967376783,0.9886328032454592,-1.2630070361028862,0.21537846215378462,0.34984001599840014,-1.4242136754272265,0.15438462735243555,0.280133396405629,0.9655172413793104,0.9333333333333333
IGFALS,17.29520595042096,17.113662177208727,1.0106081194856122,1.4111502645807528,0.15728427157284272,0.28311168883111687,1.3516066860359877,0.17650117031431412,0.3102559634431303,1.0,1.0
IGHA1,22.144470640010862,22.298848933332316,0.9930768492228902,-0.9547513070881715,0.35226477352264773,0.4984878870603506,-1.269691129306534,0.20419467384223178,0.3480591031401678,1.0,1.0
IGHA2,21.515383517091767,21.627941836651264,0.9947956989893161,-1.05993472687394,0.29947005299470053,0.4375374150896599,-0.9966392735416879,0.3189396356238948,0.4752411789097771,1.0,1.0
IGHD,16.604571435325788,17.043123500370942,0.9742680932262441,-1.548020958186346,0.12488751124887511,0.2303253281229254,-1.5920871059471497,0.11136513387311532,0.21600995794354266,0.9310344827586207,0.7333333333333333
IGHG1,20.344282655602004,20.47351798419003,0.9936876833435357,-1.3680367515996277,0.1718828117188281,0.2997956018351653,-0.9147237168122341,0.36033669034008264,0.5197163802981961,1.0,1.0
IGHG2,21.177384981999428,21.262405374904258,0.9960013746607814,-0.5730966007813655,0.5669433056694331,0.7052179397444871,-0.2867044485530883,0.7743386310773925,0.879930262587946,1.0,1.0
IGHG3,20.446160695511374,20.637217140579214,0.9907421410664831,-1.3568358721811125,0.17718228177182282,0.3066616415281549,-1.3652592788242301,0.17217157282086326,0.3050283770448365,1.0,1.0
IGHG4,21.766948077353046,21.570848766155937,1.0090909408954174,0.7563223236792552,0.45535446455354467,0.6058511795879236,0.3822725980707844,0.7022591776345024,0.8316227103566476,1.0,1.0
IGHM,20.624018760990328,20.89923437562653,0.9868313063679898,-1.6955498590958131,0.09219078092190781,0.18687320457143475,-1.8157948408362259,0.0694018490014779,0.1546080794587379,1.0,1.0
IGHV1-18,17.82091937151556,18.515414930433767,0.9624909535364145,-3.131891155902855,0.0024997500249975004,0.020087276986587056,-2.8260867071661564,0.004712050718077176,0.024095713899258284,1.0,1.0
IGHV1-2,18.703247685460454,19.07376761161508,0.9805743713722823,-1.224407001094402,0.22657734226577342,0.35901339443520436,-1.6566501730656256,0.09759022226308757,0.19605178579638127,0.8448275862068966,0.6666666666666666
IGHV1-24,17.057724166549196,17.198905385923783,0.9917912671645874,-0.5609310116534442,0.5704429557044296,0.7052179397444871,-1.0798374531056634,0.2802145698005265,0.44290053131200047,0.9827586206896551,0.8666666666666667
IGHV1-3,18.86050248397145,19.45762806654693,0.9693114915891468,-3.571429347813319,0.0006999300069993001,0.01211417319806481,-2.9880881835297077,0.002807285425635019,0.017071330291023763,0.9827586206896551,1.0
IGHV1-46,17.659288825527923,18.126543192373774,0.9742226434523691,-2.7401427607598543,0.009099090090990901,0.037912875379128755,-2.774923136358629,0.005521475564238204,0.026157528852413854,0.9655172413793104,1.0
IGHV1-69,17.403835762227356,18.77689371987385,0.9268751275833648,-4.174790656874501,9.999000099990002e-05,0.0044995500449955,-3.7164913147090353,0.00020200858196887808,0.006402021767081516,0.8448275862068966,1.0
IGHV1-69D,17.439190369164717,18.088962367638434,0.9640790894874006,-2.1877983238842402,0.030096990300969902,0.08794575087945751,-2.03362958695521,0.04198895640376057,0.10554993980778195,0.896551724137931,0.6
IGHV1-8,18.271364231900144,18.299596297203482,0.9984572301571673,-0.13665805613776963,0.8923107689231077,0.9501054611519981,-0.07225916412701,0.9423956620112989,0.9670666764097153,0.9827586206896551,0.9333333333333333
IGHV2-5,17.372271880909675,17.456125790936213,0.9951963046651464,-0.2821947034581152,0.7762223777622238,0.8646041336460414,-0.12166156538396723,0.903167053437046,0.9495915281464268,0.9482758620689655,1.0
IGHV2-70D,18.42995104482209,20.418911880278355,0.9025922219989937,-2.9084249932792794,0.0047995200479952005,0.02768953873843385,-3.2134574339020223,0.0013114723571271475,0.01365285755323438,0.8103448275862069,1.0
IGHV3-15,19.964036784020006,20.09514208149261,0.9934757715600652,-0.6164684912727022,0.5232476752324767,0.6727470110131843,-0.9966392735416879,0.3189396356238948,0.4752411789097771,1.0,1.0
IGHV3-38,19.33083762638057,19.92327221689636,0.9702641923441992,-2.3211610283341,0.0244975502449755,0.07655484451554843,-2.66917389944069,0.007603807024096279,0.032901088085031976,0.9827586206896551,1.0
IGHV3-49,18.827958823959385,19.236373265689405,0.9787686360578955,-2.192611697133871,0.031296870312968704,0.09027943359510203,-2.1298044749657987,0.03318775909216212,0.08682843948530787,1.0,1.0
IGHV3-64,18.188071385605358,18.575111972479124,0.9791634856658089,-2.077804551210267,0.04179582041795821,0.10334131422022634,-2.2114869665396184,0.027002133439825965,0.07232714314239097,0.9655172413793104,1.0
IGHV3-64D,19.970804108777926,20.770693018822616,0.9614895415709133,-3.30049567252478,0.0016998300169983002,0.016628771905418154,-3.358537825907606,0.0007835599655458351,0.011018812015488306,1.0,1.0
IGHV3-7,20.367462923859353,21.019557093530867,0.9689767882943543,-3.1221696878729466,0.0033996600339966003,0.022497750224977502,-3.058180784566275,0.002226851886912881,0.015657552329856196,1.0,1.0
IGHV3-74,19.21636219315329,19.645011462666286,0.9781802484397829,-2.9643351688762656,0.0051994800519948,0.027854357421400713,-2.9216548566838525,0.0034817714061706,0.01910728210703378,1.0,1.0
IGHV4-28,19.23811034894718,19.923983940282195,0.965575479613376,-1.4373675705697277,0.16318368163183683,0.28913124312568744,-1.2365754989724786,0.21624472060293187,0.36582753485458397,0.7068965517241379,0.9333333333333333
IGHV5-10-1,18.160480749521707,19.539404034073833,0.9294285904448525,-3.065763970773741,0.0045995400459954,0.02768953873843385,-3.0592172313599906,0.002219161717538091,0.015657552329856196,0.7931034482758621,0.6666666666666666
IGHV5-51,19.362956146778103,20.32102181869693,0.9528534696499694,-3.9507972570381087,0.00019998000199980003,0.006427928635707858,-3.713505238401906,0.00020440823183760461,0.006402021767081516,1.0,1.0
IGHV6-1,18.502554047000633,18.65772013127472,0.9916835453001575,-0.5505559126782836,0.5854414558544145,0.715893084604583,-1.0763088099464095,0.2817891698701317,0.44290053131200047,0.8793103448275862,0.8666666666666667
IGKC,21.2086084337399,21.528979599243055,0.9851190733854187,-3.176683535453608,0.0031996800319968005,0.022497750224977502,-2.962612635048579,0.0030504018257689627,0.017598472071744014,1.0,1.0
IGKV1-16,17.648462332230118,17.80231925020361,0.9913574789997246,-0.6880520767565234,0.49725027497250274,0.646712785368862,-0.3003570413413306,0.7639048277785876,0.879930262587946,1.0,1.0
IGKV1-17,17.271458554876514,17.794236716854403,0.9706209279837936,-2.160575284987025,0.034096590340965904,0.09410644301423515,-1.8294474336244682,0.06733260727027046,0.1530286528869783,1.0,1.0
IGKV1-5,18.943640918776573,19.70429306880591,0.961396628269119,-2.935458530526396,0.0047995200479952005,0.02768953873843385,-3.0718333773545177,0.002127484459666346,0.015657552329856196,1.0,1.0
IGKV1-8,17.56425122367292,18.13607004716328,0.9684706321709536,-1.8315808420275999,0.06569343065693431,0.14930325149303253,-0.8956395278459879,0.37044531726885266,0.5308929706082283,0.9655172413793104,0.9333333333333333
IGKV1D-16,17.350872336404947,18.27475818490052,0.9494447018588223,-3.099139749025876,0.0036996300369963003,0.023783335952119074,-3.0699751667183053,0.0021407657010369995,0.015657552329856196,0.8103448275862069,0.9333333333333333
IGKV3-20,20.86604970224627,21.273445209234822,0.9808495754692473,-2.950918371056732,0.004199580041995801,0.026247375262473754,-3.222011898025183,0.0012729384898922226,0.01365285755323438,1.0,1.0
IGKV3-7,21.84339976508709,21.983541732617063,0.993625141515662,-1.3848773258350402,0.16448355164483552,0.28913124312568744,-0.8464607528710226,0.3972957593153822,0.5622109801632766,1.0,1.0
IGKV3D-15,18.391625352118602,18.938022104786807,0.9711481616377405,-3.323984381380195,0.0015998400159984002,0.016628771905418154,-3.0854859701427597,0.0020321981135784446,0.015657552329856196,1.0,1.0
IGKV3D-20,22.181221307989972,22.664702365962523,0.9786681046957566,-2.653089229366469,0.011498850114988501,0.043851547048684957,-3.003570413413306,0.002668317954040511,0.016676987212753194,1.0,1.0
IGKV4-1,19.88237166871324,20.350513433657103,0.9769960710588453,-3.460020240401332,0.0010998900109989002,0.014557367792632503,-3.2493170836016674,0.0011568245026899145,0.01365285755323438,1.0,1.0
IGKV6-21,17.548984520639767,17.6284030352094,0.9954948548424376,-0.19346892819087924,0.8537146285371463,0.9234893818310477,0.22614191160340544,0.8210910480540141,0.8881994510199672,0.9482758620689655,0.8666666666666667
IGLL1,19.93091415138712,20.18468650742851,0.9874274809297636,-2.1084299730997085,0.041195880411958805,0.10334131422022634,-2.2936355884247064,0.0218114393974138,0.06457334032129086,1.0,1.0
IGLL5,20.87837563601556,20.924910863417463,0.9977760847964585,-0.5713756838852466,0.5703429657034297,0.7052179397444871,0.3140096341295729,0.7535137216139831,0.879930262587946,1.0,1.0
IGLV1-36,17.863496662273093,18.426615337374916,0.9694399288859282,-1.814221478557582,0.07069293070692931,0.1544263049423213,-1.5044576621303962,0.13246356680795118,0.24429756173597553,0.8448275862068966,0.9333333333333333
IGLV1-40,17.632616541059413,18.06161318125489,0.9762481548081924,-1.8439810182701177,0.0695930406959304,0.1544263049423213,-1.7677669529663689,0.0770998717435417,0.16365538813487626,0.8275862068965517,0.9333333333333333
IGLV1-47,19.639825414923532,20.000548777359786,0.9819643267566446,-2.7896027368481064,0.006799320067993201,0.03374662533746625,-2.771476336013187,0.005580272821848289,0.026157528852413854,1.0,1.0
IGLV1-51,19.189206883607206,19.539231294720036,0.9820860705401745,-2.1105309642017143,0.0382961703829617,0.1001934690251905,-2.5666874441895526,0.010267511471478962,0.040529650545311685,1.0,1.0
IGLV2-11,18.304704396407594,18.416294794871867,0.9939406704927777,-0.3809391114314056,0.7032296770322968,0.807278965980953,-1.0638575547865123,0.2873932336513425,0.44290053131200047,0.7068965517241379,1.0
IGLV2-18,18.21259697956461,18.242495599792523,0.9983610455014579,-0.1865318264755242,0.8580141985801419,0.9236994960791002,0.0955681495176961,0.923863562383787,0.9623578774831114,1.0,1.0
IGLV3-21,19.97410234237214,20.606750409929774,0.9692989891675119,-2.538761693342894,0.013398660133986601,0.04898703678019295,-2.3755511451541604,0.017522763799244227,0.056323169354713584,1.0,1.0
IGLV3-9,18.79580921058452,19.595969839131296,0.9591670820523038,-3.63680696404773,0.0007999200079992001,0.012855857271415716,-3.4535790267584976,0.0005532001922901481,0.010372503605440276,0.9137931034482759,1.0
IGLV6-57,17.608662482462503,18.50923987902941,0.9513444418867119,-3.5751882631822034,0.00039996000399960006,0.009999000099990002,-3.3858430114840905,0.0007095996541685214,0.010643994812527821,1.0,1.0
IGLV8-61,18.541639097829627,18.53438530603717,1.000391369428912,0.007887801214792562,0.9934006599340066,0.9934006599340066,0.022653932582636295,0.9819263228679096,0.98630992252357,0.9827586206896551,0.8666666666666667
ITIH1,18.43214795354549,18.182181935465977,1.0137478559485718,3.3391550759102007,0.0016998300169983002,0.016628771905418154,3.549674124942998,0.000385708289596947,0.008678436515931308,1.0,1.0
ITIH2,18.64130112867664,18.407518522423718,1.0127003868537812,2.909772192080561,0.005099490050994901,0.027854357421400713,2.853391892742641,0.004325524250881405,0.022633557126705024,1.0,1.0
ITIH3,17.003669142590713,17.677015610813086,0.9619083626417977,-4.09856498783149,0.00019998000199980003,0.006427928635707858,-3.413148197060575,0.0006421701082942143,0.010643994812527821,1.0,1.0
ITIH4,18.611202413949016,18.80052069553998,0.989930157538888,-3.155266019559348,0.001999800019998,0.017305961711521156,-3.058180784566275,0.002226851886912881,0.015657552329856196,1.0,1.0
JCHAIN,21.030217370640653,21.112974908683604,0.9960802521482222,-0.4838936945354723,0.6295370462953704,0.7455043969287282,-0.23209407740011911,0.8164649448471181,0.8881994510199672,1.0,1.0
KLKB1,17.418946210892695,17.13682683386762,1.0164627547305036,2.804973747832213,0.007599240075992401,0.03374662533746626,2.607645222554279,0.009116738969577265,0.03729575033008881,1.0,1.0
KNG1,19.04516997580911,19.091458616085273,0.9975754267284134,-1.0497321263504824,0.298970102989701,0.4375374150896599,-0.21844148461187682,0.8270851458235551,0.8904026689488034,1.0,1.0
KRT1,16.55148873256802,16.424161815402716,1.0077524149235972,0.3974714856978944,0.6901309869013099,0.7963049848861268,0.6655976210533566,0.5056683273887296,0.6732270630915039,0.8793103448275862,1.0
KRT10,16.693891970899084,16.70390255198706,0.9994007040536294,-0.10778962506492484,0.9172082791720828,0.9619871346198713,0.07081311811680466,0.9435464912885049,0.9670666764097153,0.7068965517241379,0.8666666666666667
KRT9,16.083473024830415,16.084634415590042,0.9999277950166836,-0.05840300356255943,0.9516048395160484,0.9732322222323222,-0.22886885410853172,0.8189708489017589,0.8881994510199672,0.7241379310344828,0.8
LBP,17.277548950590248,17.81862932805752,0.9696340067742878,-3.1196086616532406,0.0026997300269973002,0.020247975202479753,-2.5257296658248256,0.011545828741925782,0.043296857782221684,1.0,1.0
LCAT,17.35672898261697,17.21532479145153,1.0082138555547704,1.178096556418615,0.2460753924607539,0.38339269521323727,2.25267781005998,0.024279471054992063,0.06828601234216518,1.0,1.0
LCP1,15.896387667407279,15.730619429019642,1.010537934576297,1.228806806642628,0.2176782321767823,0.34984001599840014,1.4628459552778847,0.14350953506550407,0.2625174421929953,0.9827586206896551,1.0
LGALS3BP,16.692035884781646,17.000136864006826,0.9818765588953875,-1.9369325780447977,0.05649435056494351,0.13104359667126073,-1.5700481706478646,0.11640390503780833,0.2219565985890413,1.0,1.0
LPA,18.19890500825656,18.26265184213643,0.9965094426356641,-0.13948926233735845,0.8952104789521048,0.9501054611519981,-0.2593992629766037,0.7953271983175579,0.8839849596793214,1.0,1.0
LRG1,18.67549909858509,19.331087799387642,0.9660863005948729,-3.0125614699521894,0.0029997000299970002,0.02177201634675242,-2.9353074494720945,0.0033321734680683036,0.018743475757884206,1.0,1.0
LUM,18.099304016933388,17.971323066768484,1.0071213983349707,1.1532825666682633,0.251974802519748,0.3883173326502966,0.9420289023887187,0.34617784272079877,0.5057793156635048,1.0,1.0
LYZ,16.68400725012207,16.65046404556696,1.00201455073344,0.21303557929601313,0.826017398260174,0.9035140175302857,0.26087041840007913,0.79419243784641,0.8839849596793214,0.9655172413793104,0.8666666666666667
MASP1,16.626489745029836,16.52659385102253,1.0060445543048864,1.0357241031642257,0.3033696630336966,0.44037531730697893,1.185050291682964,0.23599756309292697,0.38201044385545735,0.9827586206896551,0.9333333333333333
MASP2,16.57023625433794,16.738414928775914,0.9899525328321949,-1.099121803192734,0.2696730326967303,0.4099758943024616,-1.0647348313839058,0.2869959431353586,0.44290053131200047,0.9827586206896551,0.8666666666666667
MBL2,15.865593843059484,16.491454704186506,0.9620493842202932,-2.340425121161995,0.0212978702129787,0.06944957678145229,-2.2562131409857007,0.024057285967849066,0.06828601234216518,0.896551724137931,1.0
NUP98,18.075006950077423,17.64844896590652,1.0241697151401197,2.093631361174702,0.039396060393960604,0.10072856350728562,1.8039345592842035,0.0712415664540218,0.1571505142368128,0.9310344827586207,1.0
ORM1,19.53068128658753,20.22780230442465,0.9655364924302908,-2.3707404619820815,0.0197980201979802,0.06550815506684625,-2.25267781005998,0.024279471054992063,0.06828601234216518,1.0,1.0
ORM2,18.87708759674565,19.56115913538357,0.9650290898456767,-3.147899146775558,0.0025997400259974,0.020170396753428105,-2.634950408130764,0.008414957668842036,0.035062323620175154,1.0,1.0
PCYOX1,15.853614539389856,16.00479749030347,0.9905538979168459,-0.7523139154082569,0.45525447455254475,0.6058511795879236,-0.19720265943665385,0.8436689495519663,0.8957372408839428,0.9655172413793104,1.0
PGLYRP2,17.07895347376358,16.945006361004722,1.0079048133653763,1.6490765011116364,0.10328967103289671,0.2038611928280856,1.5427429850713799,0.12289314792780177,0.23042465236462834,1.0,1.0
PI16,15.71400392502861,15.791831416251755,0.995071661470306,-0.35306111442182786,0.7338266173382662,0.8297034618146225,-0.7099348249885996,0.47774455348027556,0.6398364555539404,1.0,1.0
PLG,18.852636913428125,18.948035602854286,0.9949652464547939,-1.8336598388777554,0.0720927907209279,0.1559699799250844,-1.911362990353922,0.05595794933522996,0.1311514437544452,1.0,1.0
PLTP,16.786098654888903,16.729110994967222,1.0034064966117342,0.6049625884647476,0.5547445255474452,0.7012220126301977,0.43688296922375364,0.662196223639096,0.8141756848021672,1.0,1.0
PON1,18.794697947520415,18.612965370199394,1.0097637627162832,1.7363544974686473,0.08239176082391761,0.171649501716495,2.006931139871618,0.04475699558568571,0.11066290117339873,1.0,1.0
PRDX2,16.214700717051983,15.689672614951466,1.0334632923825442,2.0898717854970643,0.041695830416958304,0.10334131422022634,1.9659733615068913,0.04930168779278289,0.11927827691802313,1.0,1.0
PRG4,16.29754966355078,16.253315364795508,1.0027215554342275,0.31913905055794484,0.7528247175282472,0.8469278072192782,0.29879303734965923,0.7650979637927608,0.879930262587946,1.0,0.9333333333333333
PROC,16.09140361876871,16.15798936846235,0.9958790819714485,-0.45610010843780574,0.6454354564543545,0.7563696755324466,-0.9693340879652034,0.3323785267136905,0.4887919510495448,1.0,1.0
PROS1,17.71713240901054,17.804110785979727,0.9951147025529811,-1.1827691091494408,0.24317568243175683,0.38261908074926776,-0.819155567294538,0.4126976618644912,0.5803560869969407,1.0,1.0
QSOX1,15.45128384627301,15.533944968617678,0.9946786780491585,-0.8244103161071554,0.41435856414358563,0.5684797373921144,-0.3959251908590267,0.6921602167744316,0.8316227103566476,1.0,1.0
RBP4,19.402176594763127,18.839110737408408,1.0298881335325798,3.3281599233619534,0.0024997500249975004,0.020087276986587056,3.754463016766633,0.00017371349045875123,0.006402021767081516,1.0,1.0
RCN1,18.934529478566652,19.213716227917892,0.9854694039383398,-1.0206990220607948,0.30786921307869214,0.4419303292600676,-1.0129947471587704,0.3110626699583018,0.4716777335035659,0.8620689655172413,0.7333333333333333
SAA1,17.958825473058045,19.254863852154113,0.932690337929807,-2.5046725822052336,0.011498850114988501,0.043851547048684957,-2.554892873063312,0.010622048351025738,0.04072454626198904,0.9482758620689655,1.0
SAA4,18.950185409803453,19.0571593429064,0.9943866800304231,-0.859833751978178,0.38736126387361264,0.5447267773222677,-0.8055029745062957,0.42052949057950983,0.5876964930458989,1.0,1.0
SELENOP,17.664836027683627,17.307424560751087,1.0206507597752619,2.7037028650924406,0.008399160083991601,0.03565681167732283,2.90800226389561,0.003637457043249558,0.019486377017408348,1.0,1.0
SELL,17.682008799557284,17.783239867651343,0.9943075013975263,-0.5459051929618283,0.5846415358464153,0.715893084604583,-0.21190283058206644,0.8321828422579611,0.8916244738478155,0.8793103448275862,0.7333333333333333
SERPINA1,19.7011008099525,20.12743567421843,0.9788182224916,-3.9879686937238557,0.00029997000299970003,0.008436656334366563,-3.6862000528254213,0.0002276274406073428,0.006402021767081516,1.0,1.0
SERPINA10,16.582405654134767,16.43583039086111,1.0089180321156854,1.400447963105571,0.16428357164283572,0.28913124312568744,1.2014281653653225,0.2295851560513913,0.3798283831732576,1.0,1.0
SERPINA3,18.28022421314138,18.7183501749789,0.9765937725418146,-3.5724397233223972,0.0006999300069993001,0.01211417319806481,-3.1127911557192447,0.001853271109205756,0.015657552329856196,1.0,1.0
SERPINA4,17.135412915225373,16.821584726839298,1.0186562796241994,2.491411145922894,0.0122987701229877,0.04612038796120388,1.5290903922831376,0.12624203681782475,0.23474758912405427,1.0,1.0
SERPINA5,17.18715977906018,16.836115006056925,1.0208506993969193,2.644519146783605,0.010798920107989201,0.04338851829102804,2.675908186495491,0.007452705845780875,0.03287958461373915,1.0,1.0
SERPINA6,18.340801918022603,18.255076164058362,1.0046959954148547,1.0160067219583904,0.31716828317168283,0.45166369439005466,1.269691129306534,0.20419467384223178,0.3480591031401678,1.0,1.0
SERPINA7,16.749730698091415,17.065614097834057,0.9814900654654594,-3.209173150987201,0.0018998100189981002,0.017098290170982904,-3.0172230062015486,0.0025510206446464952,0.016475494431701102,1.0,1.0
SERPINC1,18.334757018246727,18.341676571383385,0.9996227415138562,-0.1394135612260355,0.8915108489151085,0.9501054611519981,-0.2867044485530883,0.7743386310773925,0.879930262587946,1.0,1.0
SERPIND1,17.959676499317794,17.792819699329314,1.0093777604004366,1.584100895817509,0.11608839116088392,0.2186031396860314,2.0342363254481026,0.041927773675019174,0.10554993980778195,1.0,1.0
SERPINF1,18.530587438409494,18.420550379549482,1.0059736032090645,1.7448970471091254,0.0867913208679132,0.17752770177527702,1.8157948408362259,0.0694018490014779,0.1546080794587379,1.0,1.0
SERPINF2,18.303191331983765,18.181360060781586,1.0067008887561155,1.8572944234521684,0.067993200679932,0.15298470152984703,1.406217057188957,0.15965968062431835,0.287387425123773,1.0,1.0
SERPING1,18.837027496731622,19.04592412756238,0.9890319509081499,-2.147801815305005,0.0337966203379662,0.09410644301423515,-1.8704052119891952,0.061427568753867894,0.14103268336347222,1.0,1.0
SHBG,16.30532041916402,16.84251380142776,0.9681049166058452,-2.3276327466336553,0.0225977402259774,0.07263559358349879,-2.1161518821775567,0.034331892111705356,0.08878937615096213,1.0,1.0
SHROOM3,17.341795998886408,17.29916359803654,1.002464419774301,0.20460864220889663,0.8434156584341566,0.9167561504719093,-0.22692876898662798,0.8204791311417945,0.8881994510199672,0.6551724137931034,0.9333333333333333
SPG11,17.988129467170257,18.301728810047827,0.9828650426343657,-1.7461891296581176,0.0837916208379162,0.1729643549406527,-1.7213731578966118,0.08518313184488029,0.17466390621236283,0.8793103448275862,1.0
STXBP5,22.320876364548027,22.161632877196556,1.0071855484762284,1.479587907907702,0.13788621137886212,0.25223087447352827,0.8464607528710226,0.3972957593153822,0.5622109801632766,1.0,1.0
Serine/threonine-protein,21.775304690193586,22.101264697515603,0.9852515224000435,-1.549899230044377,0.12088791120887911,0.22479157042973388,-2.2978414192389183,0.021570816423134832,0.06457334032129086,0.9827586206896551,0.9333333333333333
TF,19.98675821531351,19.692029635782326,1.0149668970127708,3.86747739967227,9.999000099990002e-05,0.0044995500449955,3.8363785734960865,0.00012486188717235992,0.006402021767081516,1.0,1.0
TFRC,15.517724909418849,15.750601462880601,0.985214751702621,-1.0967796788983555,0.2790720927907209,0.42141758978464566,-1.1651505300070706,0.24395806617450755,0.39207546349474426,0.7241379310344828,0.8
TGFBI,16.443146992670567,16.65233667991525,0.9874378178110588,-2.5125551779939923,0.014298570142985701,0.051066321939234646,-2.2117200316952528,0.02698601551993228,0.07232714314239097,1.0,1.0
TIMM44,22.01916686274225,22.049178450564504,0.9986388795442178,-0.2635090328618017,0.7972202779722027,0.8836185346982542,-0.71501482544623,0.47459988245788853,0.6394309793594306,0.8103448275862069,1.0
TMEM256,22.934162090777562,22.404966559527587,1.023619563539359,2.143208214475429,0.0342965703429657,0.09410644301423515,2.414944651944982,0.01573760091125795,0.05285015231392595,0.9310344827586207,1.0
TTR,17.36678110208259,17.184145266776007,1.0106281594150448,1.1108128350078916,0.2682731726827317,0.4099758943024616,1.1877755725770802,0.2349218406735143,0.38201044385545735,1.0,1.0
VASN,16.335145719726103,16.32629034323305,1.0005423997924134,0.09997371999329366,0.9207079292070793,0.9619871346198713,0.18718881892181463,0.8515125911022298,0.8994851314460174,0.9827586206896551,1.0
VTN,20.377417493378747,20.449037496188378,0.9964976345305748,-0.8436818444139532,0.40345965403459655,0.5569228353238296,-1.228733350941807,0.21917179754111948,0.3680123466175514,1.0,1.0
VWF,16.883624976803187,16.88969893849386,0.9996403747803443,-0.0535522804366245,0.9564043595640436,0.9737148457099991,0.0819155567294538,0.9347138635337146,0.9670666764097153,1.0,1.0
